{"cameraMode":{"drawMode":0,"name":"Shaded","section":"Shading Mode"},"sceneLighting":true,"audioPlay":false,"sceneViewState":{"m_AlwaysRefresh":false,"showFog":true,"showSkybox":true,"showFlares":true,"showImageEffects":true,"showParticleSystems":true,"showVisualEffectGraphs":true,"m_FxEnabled":true},"in2DMode":false,"pivot":{"x":66.57814025878906,"y":0.8537706136703491,"z":238.85894775390626},"rotation":{"x":-0.24064302444458009,"y":-0.047436315566301349,"z":0.011839491315186024,"w":-0.9694657921791077},"size":17.860105514526368,"orthographic":false}