{"cameraMode":{"drawMode":0,"name":"Shaded","section":"Shading Mode"},"sceneLighting":false,"audioPlay":false,"sceneViewState":{"m_AlwaysRefresh":false,"showFog":true,"showSkybox":false,"showFlares":true,"showImageEffects":true,"showParticleSystems":true,"showVisualEffectGraphs":true,"m_FxEnabled":true},"in2DMode":false,"pivot":{"x":0.021841078996658326,"y":0.5804480314254761,"z":-0.05062901973724365},"rotation":{"x":0.17967210710048676,"y":0.09519493579864502,"z":-0.017581941559910775,"w":0.9790664911270142},"size":1.6892757415771485,"orthographic":false}