{"cameraMode":{"drawMode":0,"name":"Shaded","section":"Shading Mode"},"sceneLighting":true,"audioPlay":false,"sceneViewState":{"m_AlwaysRefresh":false,"showFog":true,"showSkybox":true,"showFlares":true,"showImageEffects":true,"showParticleSystems":true,"showVisualEffectGraphs":true,"m_FxEnabled":true},"in2DMode":false,"pivot":{"x":29.596723556518556,"y":67.70977783203125,"z":65.98180389404297},"rotation":{"x":0.12035199254751206,"y":0.8280929923057556,"z":-0.19476734101772309,"w":0.5117061734199524},"size":0.9226440787315369,"orthographic":false}